time,speed
1,2.516889905
2,5.173070438
3,7.551229742
4,10.42562919
5,12.22489592
6,14.60836227
7,17.85919386
8,19.75702464
9,22.91843772
10,24.60655915
